target_key,role,tic_id,hostname,pl_name,pl_orbper,pl_orbpererr1,pl_tranmid,pl_trandur,pl_trandep,pl_rade,st_rad,st_teff,tran_flag,disc_year,disc_facility,fetched_at
toi270,multi_planet_m_dwarf,TIC 259377017,TOI-270,TOI-270 b,3.35992000000,0.00005000000,2458461.01464000,1.2940000,0.09766941,1.28000000,0.380000,3506.00,1,2019,Transiting Exoplanet Survey Satellite (TESS),2026-09-10T02:42:35+00:00
toi270,multi_planet_m_dwarf,TIC 259377017,TOI-270,TOI-270 c,5.66051000000,0.00004000000,2458463.08056000,1.6820000,0.34518440,2.33000000,0.380000,3506.00,1,2019,Transiting Exoplanet Survey Satellite (TESS),2026-09-10T02:42:35+00:00
toi270,multi_planet_m_dwarf,TIC 259377017,TOI-270,TOI-270 d,11.38194000000,0.00011000000,2458469.33823000,2.1170000,0.26450000,2.00000000,0.380000,3506.00,1,2019,Transiting Exoplanet Survey Satellite (TESS),2026-09-10T02:42:35+00:00
l98_59,multi_planet_shallow,TIC 307210830,L 98-59,L 98-59 b,2.25311400000,0.00000040000,2458366.17056000,1.0100000,0.05890000,0.83700000,0.315500,3415.00,1,2019,Transiting Exoplanet Survey Satellite (TESS),2026-09-10T02:42:35+00:00
l98_59,multi_planet_shallow,TIC 307210830,L 98-59,L 98-59 c,3.69067640000,0.00000040000,2458367.27303000,1.2800000,0.14860000,1.32900000,0.315500,3415.00,1,2019,Transiting Exoplanet Survey Satellite (TESS),2026-09-10T02:42:35+00:00
l98_59,multi_planet_shallow,TIC 307210830,L 98-59,L 98-59 d,7.45072900000,0.00000200000,2458362.74002000,0.8400000,0.14450000,1.62700000,0.315500,3415.00,1,2019,Transiting Exoplanet Survey Satellite (TESS),2026-09-10T02:42:35+00:00
l98_59,multi_planet_shallow,TIC 307210830,L 98-59,L 98-59 e,12.82780000000,0.00180000000,2458438.48000000,,,1.49000000,0.315500,3415.00,0,2021,Multiple Observatories,2026-09-10T02:42:35+00:00
l98_59,multi_planet_shallow,TIC 307210830,L 98-59,L 98-59 f,23.06400000000,0.05500000000,2458437.84000000,,,1.48000000,0.315500,3415.00,0,2025,Multiple Facilities,2026-09-10T02:42:35+00:00
cm_dra,eclipsing_binary,TIC 199574208,CM Draconis,,,,,,,,,,,,,2026-09-10T02:42:35+00:00
wasp18,deep_short_period,TIC 100100827,WASP-18,WASP-18 b,0.94145223000,0.00000024000,2456740.80560000,2.2100000,1.04100000,13.89913607,1.319000,6432.00,1,2009,SuperWASP,2026-09-10T02:42:35+00:00
wasp62,deep_multi_sector,TIC 149603524,WASP-62,WASP-62 b,4.41195000000,0.00000300000,2458851.09933800,3.8160000,1.20000000,14.79588000,1.230000,6230.00,1,2012,SuperWASP,2026-09-10T02:42:35+00:00
toi700,shallow_earth_size_long_period,TIC 150428135,TOI-700,TOI-700 b,9.97721900000,0.00004100000,2458880.09930000,2.1700000,0.04598525,0.91400000,0.421000,3459.00,1,2020,Transiting Exoplanet Survey Satellite (TESS),2026-09-10T02:42:35+00:00
toi700,shallow_earth_size_long_period,TIC 150428135,TOI-700,TOI-700 c,16.05113700000,0.00002000000,2458821.62181000,1.4200000,0.27685212,2.60000000,0.421000,3459.00,1,2020,Transiting Exoplanet Survey Satellite (TESS),2026-09-10T02:42:35+00:00
toi700,shallow_earth_size_long_period,TIC 150428135,TOI-700,TOI-700 e,27.80978000000,0.00046000000,2458964.81120000,2.7770000,0.04068233,0.95300000,0.421000,3459.00,1,2023,Transiting Exoplanet Survey Satellite (TESS),2026-09-10T02:42:35+00:00
toi700,shallow_earth_size_long_period,TIC 150428135,TOI-700,TOI-700 d,37.42396000000,0.00039000000,2458816.99520000,3.3140000,0.06130000,1.07300000,0.421000,3459.00,1,2020,Transiting Exoplanet Survey Satellite (TESS),2026-09-10T02:42:35+00:00
toi451,young_active_star,TIC 257605131,TOI-451,TOI-451 b,1.85870330000,0.00000930000,2460312.44270000,2.0590000,0.03960000,1.84000000,0.850000,5490.00,1,2020,Transiting Exoplanet Survey Satellite (TESS),2026-09-10T02:42:35+00:00
toi451,young_active_star,TIC 257605131,TOI-451,TOI-451 c,9.19246300000,0.00001700000,2460314.63760000,3.4610000,0.10480000,2.93000000,0.850000,5490.00,1,2020,Transiting Exoplanet Survey Satellite (TESS),2026-09-10T02:42:35+00:00
toi451,young_active_star,TIC 257605131,TOI-451,TOI-451 d,16.36496200000,0.00001500000,2460314.96940000,4.0940000,0.18030000,3.93000000,0.850000,5490.00,1,2020,Transiting Exoplanet Survey Satellite (TESS),2026-09-10T02:42:35+00:00
pi_men,bright_star_shallow,TIC 261136679,HD 39091,pi Men c,6.26783990000,0.00001100000,2458425.78920400,2.9520240,0.02675900,2.01890000,1.170000,5998.00,1,2018,Transiting Exoplanet Survey Satellite (TESS),2026-09-10T02:42:35+00:00
pi_men,bright_star_shallow,TIC 261136679,HD 39091,pi Men d,124.64000000000,0.48000000000,2455218.60000000,,,3.72000000,1.190000,5998.00,0,2022,La Silla Observatory,2026-09-10T02:42:35+00:00
pi_men,bright_star_shallow,TIC 261136679,HD 39091,HD 39091 b,2088.80000000000,0.40000000000,2458632.60000000,,,12.30000000,1.170000,5998.00,0,2001,Anglo-Australian Telescope,2026-09-10T02:42:35+00:00
hd21749,long_period_shallow,TIC 279741379,GJ 143,HD 21749 c,7.78993000000,0.00051000000,2458371.22870000,2.5150000,0.01690703,0.89200000,0.695000,4640.00,1,2019,Transiting Exoplanet Survey Satellite (TESS),2026-09-10T02:42:35+00:00
hd21749,long_period_shallow,TIC 279741379,GJ 143,GJ 143 b,35.61253000000,0.00060000000,2458385.92502000,3.2300000,0.13976487,2.61000000,0.695000,4640.00,1,2019,Transiting Exoplanet Survey Satellite (TESS),2026-09-10T02:42:35+00:00
holdout_268637577,holdout,TIC 268637577,TIC 268637577,,,,,,,,,,,,,2026-09-18T19:00:51+00:00
holdout_100102268,holdout,TIC 100102268,TIC 100102268,,,,,,,,,,,,,2026-09-18T19:00:51+00:00
holdout_219237079,holdout,TIC 219237079,TIC 219237079,,,,,,,,,,,,,2026-09-18T19:00:51+00:00
holdout_358253008,holdout,TIC 358253008,TIC 358253008,,,,,,,,,,,,,2026-09-18T19:00:51+00:00
